{"credit":"MadewithBlockbench","textures":{"1":"itemshopplus:itemshopplus/terra/cyan_terracotta","2":"itemshopplus:itemshopplus/box","3":"itemshopplus:itemshopplus/terra/green_terracotta","4":"itemshopplus:itemshopplus/terra/brown_terracotta","5":"itemshopplus:itemshopplus/terra/light_blue_terracotta","6":"itemshopplus:itemshopplus/terra/light_gray_terracotta","7":"itemshopplus:itemshopplus/terra/lime_terracotta","8":"itemshopplus:itemshopplus/terra/magenta_terracotta","9":"itemshopplus:itemshopplus/terra/orange_terracotta","10":"itemshopplus:itemshopplus/terra/pink_terracotta","particle":"itemshopplus:itemshopplus/terra/cyan_terracotta"},"elements":[{"from":[1,6,-2],"to":[15,9,12],"rotation":{"angle":22.5,"axis":"x","origin":[0,0,0]},"faces":{"north":{"uv":[0,0,14,3],"texture":"#2"},"east":{"uv":[0,0,14,3],"texture":"#2"},"south":{"uv":[0,0,14,3],"texture":"#2"},"west":{"uv":[0,0,14,3],"texture":"#2"},"up":{"uv":[3,3,13,13],"texture":"#2"},"down":{"uv":[0,0,14,14],"texture":"#2"}}},{"from":[5.9,6.7,-1.1],"to":[9.9,11.6,2.9],"rotation":{"angle":22.5,"axis":"x","origin":[0,0,0]},"faces":{"north":{"uv":[0,0,9.8,9.2],"texture":"#3"},"east":{"uv":[0,0,9.8,8.2],"texture":"#3"},"south":{"uv":[0,0,10.8,9.2],"texture":"#3"},"west":{"uv":[0,0,10.8,8.2],"texture":"#3"},"up":{"uv":[0,0,16,16],"texture":"#3"},"down":{"uv":[0,0,4.8,4.8],"texture":"#3"}}},{"from":[10.3,7.2,-0.9],"to":[14.3,12.1,3.1],"rotation":{"angle":22.5,"axis":"x","origin":[0,0,0]},"faces":{"north":{"uv":[0,0,9.8,9.2],"texture":"#4"},"east":{"uv":[0,0,9.8,8.2],"texture":"#4"},"south":{"uv":[0,0,10.8,9.2],"texture":"#4"},"west":{"uv":[0,0,10.8,8.2],"texture":"#4"},"up":{"uv":[0,0,16,16],"texture":"#4"},"down":{"uv":[0,0,4.8,4.8],"texture":"#4"}}},{"from":[10.3,7,3.6],"to":[14.3,11.9,7.6],"rotation":{"angle":22.5,"axis":"x","origin":[0,0,0]},"faces":{"north":{"uv":[0,0,9.8,9.2],"texture":"#5"},"east":{"uv":[0,0,9.8,8.2],"texture":"#5"},"south":{"uv":[0,0,10.8,9.2],"texture":"#5"},"west":{"uv":[0,0,10.8,8.2],"texture":"#5"},"up":{"uv":[0,0,16,16],"texture":"#5"},"down":{"uv":[0,0,4.8,4.8],"texture":"#5"}}},{"from":[5.9,7,3.3],"to":[9.9,11.9,7.3],"rotation":{"angle":22.5,"axis":"x","origin":[0,0,0]},"faces":{"north":{"uv":[0,0,9.8,9.2],"texture":"#7"},"east":{"uv":[0,0,9.8,8.2],"texture":"#7"},"south":{"uv":[0,0,10.8,9.2],"texture":"#7"},"west":{"uv":[0,0,10.8,8.2],"texture":"#7"},"up":{"uv":[0,0,16,16],"texture":"#7"},"down":{"uv":[0,0,4.8,4.8],"texture":"#7"}}},{"from":[1.6,7.5,3.4],"to":[5.6,12.4,7.4],"rotation":{"angle":22.5,"axis":"x","origin":[0,0,0]},"faces":{"north":{"uv":[0,0,9.8,9.2],"texture":"#6"},"east":{"uv":[0,0,9.8,8.2],"texture":"#6"},"south":{"uv":[0,0,10.8,9.2],"texture":"#6"},"west":{"uv":[0,0,10.8,8.2],"texture":"#6"},"up":{"uv":[0,0,16,16],"texture":"#6"},"down":{"uv":[0,0,4.8,4.8],"texture":"#6"}}},{"from":[10.3,7.3,7.8],"to":[14.3,12.2,11.8],"rotation":{"angle":22.5,"axis":"x","origin":[0,0,0]},"faces":{"north":{"uv":[0,0,9.8,9.2],"texture":"#10"},"east":{"uv":[0,0,9.8,8.2],"texture":"#10"},"south":{"uv":[0,0,10.8,9.2],"texture":"#10"},"west":{"uv":[0,0,10.8,8.2],"texture":"#10"},"up":{"uv":[0,0,16,16],"texture":"#10"},"down":{"uv":[0,0,4.8,4.8],"texture":"#10"}}},{"from":[5.9,7,7.6],"to":[9.9,11.9,11.6],"rotation":{"angle":22.5,"axis":"x","origin":[0,0,0]},"faces":{"north":{"uv":[0,0,9.8,9.2],"texture":"#9"},"east":{"uv":[0,0,9.8,8.2],"texture":"#9"},"south":{"uv":[0,0,10.8,9.2],"texture":"#9"},"west":{"uv":[0,0,10.8,8.2],"texture":"#9"},"up":{"uv":[0,0,16,16],"texture":"#9"},"down":{"uv":[0,0,4.8,4.8],"texture":"#9"}}},{"from":[1.6,6.8,7.6],"to":[5.6,11.7,11.6],"rotation":{"angle":22.5,"axis":"x","origin":[0,0,0]},"faces":{"north":{"uv":[0,0,9.8,9.2],"texture":"#8"},"east":{"uv":[0,0,9.8,8.2],"texture":"#8"},"south":{"uv":[0,0,10.8,9.2],"texture":"#8"},"west":{"uv":[0,0,10.8,8.2],"texture":"#8"},"up":{"uv":[0,0,16,16],"texture":"#8"},"down":{"uv":[0,0,4.8,4.8],"texture":"#8"}}},{"from":[1.4,7.3,-0.9],"to":[5.4,12.2,3.1],"rotation":{"angle":22.5,"axis":"x","origin":[0,0,0]},"faces":{"north":{"uv":[0,0,9.8,9.2],"texture":"#1"},"east":{"uv":[0,0,9.8,8.2],"texture":"#1"},"south":{"uv":[0,0,10.8,9.2],"texture":"#1"},"west":{"uv":[0,0,10.8,8.2],"texture":"#1"},"up":{"uv":[0,0,16,16],"texture":"#1"},"down":{"uv":[0,0,4.8,4.8],"texture":"#1"}}},{"from":[0,6,-3],"to":[1,11,12],"rotation":{"angle":22.5,"axis":"x","origin":[0,0,0]},"faces":{"north":{"uv":[0,0,1,5],"texture":"#2"},"east":{"uv":[0,0,15,5],"texture":"#2"},"south":{"uv":[0,0,1,5],"texture":"#2"},"west":{"uv":[0,0,16,5],"texture":"#2"},"up":{"uv":[0,0,1,15],"texture":"#2"},"down":{"uv":[0,0,1,15],"texture":"#2"}}},{"from":[15,6,-3],"to":[16,11,12],"rotation":{"angle":22.5,"axis":"x","origin":[0,0,0]},"faces":{"north":{"uv":[0,0,1,5],"texture":"#2"},"east":{"uv":[0,0,16,5],"texture":"#2"},"south":{"uv":[0,0,1,5],"texture":"#2"},"west":{"uv":[0,0,15,5],"texture":"#2"},"up":{"uv":[0,0,1,15],"texture":"#2"},"down":{"uv":[0,0,1,15],"texture":"#2"}}},{"from":[1,6,-3],"to":[15,11,-2],"rotation":{"angle":22.5,"axis":"x","origin":[0,0,0]},"faces":{"north":{"uv":[0,0,16,5],"texture":"#2"},"east":{"uv":[0,0,1,5],"texture":"#2"},"south":{"uv":[0,0,14,5],"texture":"#2"},"west":{"uv":[0,0,1,5],"texture":"#2"},"up":{"uv":[0,0,14,1],"texture":"#2"},"down":{"uv":[0,0,14,1],"texture":"#2"}}},{"from":[1,0,2],"to":[15,6,3],"faces":{"north":{"uv":[0,0,16,6],"texture":"#2"},"east":{"uv":[0,0,1,6],"texture":"#2"},"south":{"uv":[0,0,14,6],"texture":"#2"},"west":{"uv":[0,0,1,6],"texture":"#2"},"up":{"uv":[0,0,14,1],"texture":"#2"},"down":{"uv":[0,0,14,1],"texture":"#2"}}},{"from":[0,6,12],"to":[16,11,13],"rotation":{"angle":22.5,"axis":"x","origin":[0,0,0]},"faces":{"north":{"uv":[0,0,16,5],"texture":"#2"},"east":{"uv":[0,0,2.5,5],"texture":"#2"},"south":{"uv":[0,0,16,5],"texture":"#2"},"west":{"uv":[0,0,1,5],"texture":"#2"},"up":{"uv":[0,0,16,1],"texture":"#2"},"down":{"uv":[0,0,16,1],"texture":"#2"}}}],"display":{"thirdperson_righthand":{"rotation":[71.52,8.48,13.89],"translation":[0,0.75,-1],"scale":[0.20508,0.20508,0.20508]},"thirdperson_lefthand":{"rotation":[71.52,8.48,13.89],"translation":[0,0.75,-1],"scale":[0.20508,0.20508,0.20508]},"firstperson_righthand":{"rotation":[0,25,0],"translation":[2,-0.5,0],"scale":[0.28477,0.28477,0.28477]},"firstperson_lefthand":{"rotation":[0,25,0],"translation":[2,-0.5,0],"scale":[0.28477,0.28477,0.28477]},"ground":{"translation":[0,2,0],"scale":[0.5,0.5,0.5]},"gui":{"rotation":[13.85,-35.3,4.13],"translation":[0.5,-2.35,0],"scale":[0.58398,0.58398,0.58398]},"head":{"translation":[0,-30.4,0],"scale":[1.6,1.6,1.6]},"fixed":{"rotation":[-90,180,0],"translation":[0,0,-14],"scale":[2.01,2.01,2.01]}}}