{"parent":"minecraft:item/generated","textures":{"layer0":"minecraft:item/apple"},"overrides":[{"predicate":{"custom_model_data":10000},"model":"customcrops:corn/corn"},{"predicate":{"custom_model_data":10001},"model":"customcrops:corn/corn_silver_star"},{"predicate":{"custom_model_data":10002},"model":"customcrops:corn/corn_golden_star"},{"predicate":{"custom_model_data":10003},"model":"iasurvival:auto_generated/garlic"},{"predicate":{"custom_model_data":10004},"model":"iasurvival:auto_generated/tomato"},{"predicate":{"custom_model_data":10005},"model":"iasurvival:auto_generated/lettuce"},{"predicate":{"custom_model_data":10006},"model":"iasurvival:auto_generated/pear"},{"predicate":{"custom_model_data":10007},"model":"customcrops:garlic/garlic"},{"predicate":{"custom_model_data":10008},"model":"customcrops:garlic/garlic_silver_star"},{"predicate":{"custom_model_data":10009},"model":"customcrops:garlic/garlic_golden_star"},{"predicate":{"custom_model_data":10010},"model":"iasurvival:auto_generated/rice"},{"predicate":{"custom_model_data":10011},"model":"customcrops:pepper/pepper"},{"predicate":{"custom_model_data":10012},"model":"customcrops:pepper/pepper_silver_star"},{"predicate":{"custom_model_data":10013},"model":"customcrops:pepper/pepper_golden_star"},{"predicate":{"custom_model_data":10014},"model":"iasurvival:auto_generated/banana"},{"predicate":{"custom_model_data":10015},"model":"customcrops:grape/grape"},{"predicate":{"custom_model_data":10016},"model":"customcrops:grape/grape_silver_star"},{"predicate":{"custom_model_data":10017},"model":"customcrops:grape/grape_golden_star"},{"predicate":{"custom_model_data":10018},"model":"iasurvival:auto_generated/chili_pepper"},{"predicate":{"custom_model_data":10019},"model":"customcrops:tomato/tomato"},{"predicate":{"custom_model_data":10020},"model":"customcrops:tomato/tomato_silver_star"},{"predicate":{"custom_model_data":10021},"model":"customcrops:tomato/tomato_golden_star"},{"predicate":{"custom_model_data":10022},"model":"customcrops:cabbage/cabbage"},{"predicate":{"custom_model_data":10023},"model":"customcrops:cabbage/cabbage_silver_star"},{"predicate":{"custom_model_data":10024},"model":"customcrops:cabbage/cabbage_golden_star"},{"predicate":{"custom_model_data":10025},"model":"minecraft:item/apple"}]}