{"parent":"item/generated","textures":{"layer0":"item/leather_helmet","layer1":"item/leather_helmet_overlay"},"overrides":[{"predicate":{"custom_model_data":10000},"model":"iasurvival:auto_generated/ruby_helmet"},{"predicate":{"custom_model_data":10001},"model":"iasurvival:auto_generated/bronze_helmet"},{"predicate":{"custom_model_data":10006},"model":"iasurvival:auto_generated/dark_amethyst_helmet"},{"predicate":{"custom_model_data":10007},"model":"iasurvival:auto_generated/obsidian_helmet"},{"predicate":{"custom_model_data":10008},"model":"minecraft:item/leather_helmet"}]}