{"parent":"minecraft:item/generated","textures":{"layer0":"minecraft:block/torch"},"overrides":[{"predicate":{"custom_model_data":10000},"model":"furnituresplusfree:redvibecollection/red_wooden_lamp"},{"predicate":{"custom_model_data":10001},"model":"furnituresplusfree:blankacollection/white_wooden_lamp"},{"predicate":{"custom_model_data":10002},"model":"furnituresplusfree:summercollection/cyan_wooden_lamp"},{"predicate":{"custom_model_data":10003},"model":"furnituresplusfree:acaciagraycollection/gray_wooden_lamp"},{"predicate":{"custom_model_data":10004},"model":"furnituresplusfree:steelcollection/iron_lamp"},{"predicate":{"custom_model_data":10005},"model":"furnituresplusfree:amethystcollection/amethyst_lamp"},{"predicate":{"custom_model_data":10006},"model":"minecraft:item/torch"}]}