{"credit":"MadewithBlockbench","texture_size":[64,64],"textures":{"1":"df:item/katana/iron_blade.png","2":"df:item/katana/iron_handle.png","3":"df:item/katana/guard.png","particle":"Ironblade"},"elements":[{"from":[7.75,-6.75,8.0625],"to":[8,0,8.4375],"rotation":{"angle":0,"axis":"y","origin":[7.875,1.75,8.25]},"faces":{"north":{"uv":[0,0,0.0625,1.6875],"texture":"#2"},"east":{"uv":[0,0,0.09375,1.6875],"texture":"#2"},"south":{"uv":[0,0,0.0625,1.6875],"texture":"#2"},"west":{"uv":[0,0,0.09375,1.6875],"texture":"#2"},"up":{"uv":[0,0,0.0625,0.09375],"texture":"#2"},"down":{"uv":[0,0,0.0625,0.09375],"texture":"#2"}}},{"from":[8,-6.75,8.0625],"to":[8.25,0,8.4375],"faces":{"north":{"uv":[0,0,0.0625,1.6875],"texture":"#2"},"east":{"uv":[0,0,0.09375,1.6875],"texture":"#2"},"south":{"uv":[0,0,0.0625,1.6875],"texture":"#2"},"west":{"uv":[0,0,0.09375,1.6875],"texture":"#2"},"up":{"uv":[0,0,0.0625,0.09375],"texture":"#2"},"down":{"uv":[0,0,0.0625,0.09375],"texture":"#2"}}},{"from":[8,-6.75,7.5625],"to":[8.25,0,8.1875],"faces":{"north":{"uv":[0,0,0.0625,1.6875],"texture":"#2"},"east":{"uv":[0,0,0.15625,1.6875],"texture":"#2"},"south":{"uv":[0,0,0.0625,1.6875],"texture":"#2"},"west":{"uv":[0,0,0.15625,1.6875],"texture":"#2"},"up":{"uv":[0,0,0.0625,0.15625],"texture":"#2"},"down":{"uv":[0,0,0.0625,0.15625],"texture":"#2"}}},{"from":[7.75,-6.75,7.5625],"to":[8,0,8.1875],"faces":{"north":{"uv":[0,0,0.0625,1.6875],"texture":"#2"},"east":{"uv":[0,0,0.15625,1.6875],"texture":"#2"},"south":{"uv":[0,0,0.0625,1.6875],"texture":"#2"},"west":{"uv":[0,0,0.15625,1.6875],"texture":"#2"},"up":{"uv":[0,0,0.0625,0.15625],"texture":"#2"},"down":{"uv":[0,0,0.0625,0.15625],"texture":"#2"}}},{"from":[7.9375,-6.75,8.4375],"to":[8.0625,0,8.5625],"faces":{"north":{"uv":[0,0,0.03125,1.6875],"texture":"#2"},"east":{"uv":[0,0,0.03125,1.6875],"texture":"#2"},"south":{"uv":[0,0,0.03125,1.6875],"texture":"#2"},"west":{"uv":[0,0,0.03125,1.6875],"texture":"#2"},"up":{"uv":[0,0,0.03125,0.03125],"texture":"#2"},"down":{"uv":[0,0,0.03125,0.03125],"texture":"#2"}}},{"from":[7.9375,-6.75,7.4375],"to":[8.0625,0,7.5625],"faces":{"north":{"uv":[0,0,0.03125,1.6875],"texture":"#2"},"east":{"uv":[0,0,0.03125,1.6875],"texture":"#2"},"south":{"uv":[0,0,0.03125,1.6875],"texture":"#2"},"west":{"uv":[0,0,0.03125,1.6875],"texture":"#2"},"up":{"uv":[0,0,0.03125,0.03125],"texture":"#2"},"down":{"uv":[0,0,0.03125,0.03125],"texture":"#2"}}},{"from":[8.0625,-6.75,7.5],"to":[8.1875,0,7.625],"faces":{"north":{"uv":[0,0,0.03125,1.6875],"texture":"#2"},"east":{"uv":[0,0,0.03125,1.6875],"texture":"#2"},"south":{"uv":[0,0,0.03125,1.6875],"texture":"#2"},"west":{"uv":[0,0,0.03125,1.6875],"texture":"#2"},"up":{"uv":[0,0,0.03125,0.03125],"texture":"#2"},"down":{"uv":[0,0,0.03125,0.03125],"texture":"#2"}}},{"from":[8.1875,-6.75,7.6875],"to":[8.3125,0,8.3125],"faces":{"north":{"uv":[0,0,0.03125,1.6875],"texture":"#2"},"east":{"uv":[15.25,0,11.90625,16],"texture":"#2"},"south":{"uv":[0,0,0.03125,1.6875],"texture":"#2"},"west":{"uv":[0,0,0.15625,1.6875],"texture":"#2"},"up":{"uv":[0,0,0.03125,0.15625],"texture":"#2"},"down":{"uv":[0,0,0.03125,0.15625],"texture":"#2"}}},{"from":[7.6875,-6.75,7.6875],"to":[7.8125,0,8.3125],"faces":{"north":{"uv":[0,0,0.03125,1.6875],"texture":"#2"},"east":{"uv":[0,0,0.15625,1.6875],"texture":"#2"},"south":{"uv":[0,0,0.03125,1.6875],"texture":"#2"},"west":{"uv":[11.75,0,15.40625,16],"texture":"#2"},"up":{"uv":[0,0,0.03125,0.15625],"texture":"#2"},"down":{"uv":[0,0,0.03125,0.15625],"texture":"#2"}}},{"from":[8.0625,-6.75,8.375],"to":[8.1875,0,8.5],"faces":{"north":{"uv":[0,0,0.03125,1.6875],"texture":"#2"},"east":{"uv":[0,0,0.03125,1.6875],"texture":"#2"},"south":{"uv":[0,0,0.03125,1.6875],"texture":"#2"},"west":{"uv":[0,0,0.03125,1.6875],"texture":"#2"},"up":{"uv":[0,0,0.03125,0.03125],"texture":"#2"},"down":{"uv":[0,0,0.03125,0.03125],"texture":"#2"}}},{"from":[7.8125,-6.75,8.375],"to":[7.9375,0,8.5],"faces":{"north":{"uv":[0,0,0.03125,1.6875],"texture":"#2"},"east":{"uv":[0,0,0.03125,1.6875],"texture":"#2"},"south":{"uv":[0,0,0.03125,1.6875],"texture":"#2"},"west":{"uv":[0,0,0.03125,1.6875],"texture":"#2"},"up":{"uv":[0,0,0.03125,0.03125],"texture":"#2"},"down":{"uv":[0,0,0.03125,0.03125],"texture":"#2"}}},{"from":[7.8125,-6.75,7.5],"to":[7.9375,0,7.625],"faces":{"north":{"uv":[0,0,0.03125,1.6875],"texture":"#2"},"east":{"uv":[0,0,0.03125,1.6875],"texture":"#2"},"south":{"uv":[0,0,0.03125,1.6875],"texture":"#2"},"west":{"uv":[0,0,0.03125,1.6875],"texture":"#2"},"up":{"uv":[0,0,0.03125,0.03125],"texture":"#2"},"down":{"uv":[0,0,0.03125,0.03125],"texture":"#2"}}},{"from":[7.25,0,7.5],"to":[8.75,0.125,8.5],"faces":{"north":{"uv":[0,0,0.375,0.03125],"texture":"#3"},"east":{"uv":[0,0,0.25,0.03125],"texture":"#3"},"south":{"uv":[0,0,0.375,0.03125],"texture":"#3"},"west":{"uv":[0,0,0.25,0.03125],"texture":"#3"},"up":{"uv":[0,0,0.375,0.25],"texture":"#3"},"down":{"uv":[0,0,0.375,0.25],"texture":"#3"}}},{"from":[7.5,0,7],"to":[8.5,0.125,9],"rotation":{"angle":0,"axis":"y","origin":[8,0.0625,8]},"faces":{"north":{"uv":[0,0,0.25,0.03125],"texture":"#3"},"east":{"uv":[0,0,0.5,0.03125],"texture":"#3"},"south":{"uv":[0,0,0.25,0.03125],"texture":"#3"},"west":{"uv":[0,0,0.5,0.03125],"texture":"#3"},"up":{"uv":[0,0,0.5,0.25],"rotation":270,"texture":"#3"},"down":{"uv":[0,0,0.5,0.25],"rotation":90,"texture":"#3"}}},{"from":[7.375,0,7.375],"to":[8.625,0.125,8.625],"rotation":{"angle":0,"axis":"y","origin":[8,0.0625,8]},"faces":{"north":{"uv":[0,0,0.3125,0.03125],"texture":"#3"},"east":{"uv":[0,0,0.3125,0.03125],"texture":"#3"},"south":{"uv":[0,0,0.3125,0.03125],"texture":"#3"},"west":{"uv":[0,0,0.3125,0.03125],"texture":"#3"},"up":{"uv":[0,0,0.3125,0.3125],"rotation":270,"texture":"#3"},"down":{"uv":[0,0,0.3125,0.3125],"rotation":90,"texture":"#3"}}},{"from":[7.6875,0,7.1875],"to":[8.25,0.6875,8.8125],"faces":{"north":{"uv":[0,0,0.14063,0.17188],"texture":"#3"},"east":{"uv":[0,0,0.40625,0.17188],"texture":"#3"},"south":{"uv":[0,0,0.14063,0.17188],"texture":"#3"},"west":{"uv":[0,0,0.40625,0.17188],"texture":"#3"},"up":{"uv":[0,0,0.14063,0.40625],"texture":"#3"},"down":{"uv":[0,0,0.14063,0.40625],"texture":"#3"}}},{"from":[7.875,-6.875,7.6875],"to":[8.125,-2.8125,8.3125],"faces":{"north":{"uv":[0,0,0.0625,1.01563],"texture":"#3"},"east":{"uv":[0,0,0.15625,1.01563],"texture":"#3"},"south":{"uv":[0,0,0.0625,1.01563],"texture":"#3"},"west":{"uv":[0,0,0.15625,1.01563],"texture":"#3"},"up":{"uv":[0,0,0.0625,0.15625],"texture":"#3"},"down":{"uv":[0,0,0.0625,0.15625],"texture":"#3"}}},{"from":[7.8125,-6.8125,7.625],"to":[8.1875,-2.75,8.375],"faces":{"north":{"uv":[0,0,0.09375,1.01563],"texture":"#3"},"east":{"uv":[0,0,0.1875,1.01563],"texture":"#3"},"south":{"uv":[0,0,0.09375,1.01563],"texture":"#3"},"west":{"uv":[0,0,0.1875,1.01563],"texture":"#3"},"up":{"uv":[0,0,0.09375,0.1875],"texture":"#3"},"down":{"uv":[0,0,0.09375,0.1875],"texture":"#3"}}},{"from":[7.96875,15.125,7.125],"to":[8.03125,15.375,8.5],"faces":{"north":{"uv":[1.5,3,1.8125,8.8125],"texture":"#1"},"east":{"uv":[0.5,0.5,0.875,0.5625],"texture":"#1"},"south":{"uv":[3,1.5,3.0625,1.5625],"texture":"#1"},"west":{"uv":[0,0.75,0.375,0.8125],"texture":"#1"},"up":{"uv":[0.8125,0.375,0.75,0],"texture":"#1"},"down":{"uv":[0.5625,0.75,0.5,1.125],"texture":"#1"}}},{"from":[7.9375,15.125,7.125],"to":[8.0625,15.3125,8.4375],"faces":{"north":{"uv":[1.75,3,2.0625,8.8125],"texture":"#1"},"east":{"uv":[1,0.25,1.3125,0.3125],"texture":"#1"},"south":{"uv":[3,1.75,3.0625,1.8125],"texture":"#1"},"west":{"uv":[1,0.5,1.3125,0.5625],"texture":"#1"},"up":{"uv":[0.8125,1.3125,0.75,1],"texture":"#1"},"down":{"uv":[1.0625,0.75,1,1.0625],"texture":"#1"}}},{"from":[7.9375,15.3125,7.125],"to":[8.0625,15.5,8.3125],"faces":{"north":{"uv":[2,3,2.3125,8.8125],"texture":"#1"},"east":{"uv":[0,1.25,0.3125,1.3125],"texture":"#1"},"south":{"uv":[3,2,3.0625,2.0625],"texture":"#1"},"west":{"uv":[1.25,0,1.5625,0.0625],"texture":"#1"},"up":{"uv":[0.5625,1.5625,0.5,1.25],"texture":"#1"},"down":{"uv":[1.3125,0.75,1.25,1.0625],"texture":"#1"}}},{"from":[7.9375,15.5,7.125],"to":[8.0625,15.6875,8.125],"faces":{"north":{"uv":[2.25,3,2.5625,8.8125],"texture":"#1"},"east":{"uv":[0,1.75,0.25,1.8125],"texture":"#1"},"south":{"uv":[3,2.25,3.0625,2.3125],"texture":"#1"},"west":{"uv":[1.75,0,2,0.0625],"texture":"#1"},"up":{"uv":[0.3125,2,0.25,1.75],"texture":"#1"},"down":{"uv":[1.8125,0.25,1.75,0.5],"texture":"#1"}}},{"from":[7.9375,15.6875,7.125],"to":[8.0625,15.875,8.0625],"faces":{"north":{"uv":[2.5,3,2.8125,8.8125],"texture":"#1"},"east":{"uv":[0.5,1.75,0.75,1.8125],"texture":"#1"},"south":{"uv":[3,2.5,3.0625,2.5625],"texture":"#1"},"west":{"uv":[1.75,0.5,2,0.5625],"texture":"#1"},"up":{"uv":[1.0625,2,1,1.75],"texture":"#1"},"down":{"uv":[1.8125,1,1.75,1.25],"texture":"#1"}}},{"from":[7.9375,15.8125,7.125],"to":[8.0625,16,8.0625],"faces":{"north":{"uv":[2.75,3,3.0625,8.8125],"texture":"#1"},"east":{"uv":[1.25,1.75,1.5,1.8125],"texture":"#1"},"south":{"uv":[3,2.75,3.0625,2.8125],"texture":"#1"},"west":{"uv":[1.75,1.25,2,1.3125],"texture":"#1"},"up":{"uv":[1.8125,1.75,1.75,1.5],"texture":"#1"},"down":{"uv":[1.8125,1.75,1.75,2],"texture":"#1"}}},{"from":[7.9375,16,7.125],"to":[8.0625,16.1875,7.875],"faces":{"north":{"uv":[3,3,3.3125,8.8125],"texture":"#1"},"east":{"uv":[2.25,1.25,2.4375,1.3125],"texture":"#1"},"south":{"uv":[0,3.25,0.0625,3.3125],"texture":"#1"},"west":{"uv":[1.5,2.25,1.6875,2.3125],"texture":"#1"},"up":{"uv":[2.3125,1.6875,2.25,1.5],"texture":"#1"},"down":{"uv":[1.8125,2.25,1.75,2.4375],"texture":"#1"}}},{"from":[7.9375,16.1875,7.125],"to":[8.0625,16.375,7.625],"faces":{"north":{"uv":[3.25,0,3.5625,5.8125],"texture":"#1"},"east":{"uv":[1,2.5,1.125,2.5625],"texture":"#1"},"south":{"uv":[0.25,3.25,0.3125,3.3125],"texture":"#1"},"west":{"uv":[2.5,1,2.625,1.0625],"texture":"#1"},"up":{"uv":[1.3125,2.625,1.25,2.5],"texture":"#1"},"down":{"uv":[2.5625,1.25,2.5,1.375],"texture":"#1"}}},{"from":[7.9375,16.375,7.125],"to":[8.0625,16.5,7.5],"faces":{"north":{"uv":[3.25,0.25,3.5625,6.0625],"texture":"#1"},"east":{"uv":[1.5,2.5,1.625,2.5625],"texture":"#1"},"south":{"uv":[0.5,3.25,0.5625,3.3125],"texture":"#1"},"west":{"uv":[2.5,1.5,2.625,1.5625],"texture":"#1"},"up":{"uv":[1.8125,2.625,1.75,2.5],"texture":"#1"},"down":{"uv":[2.5625,1.75,2.5,1.875],"texture":"#1"}}},{"from":[7.875,15.125,7.125],"to":[8.125,15.25,8.25],"faces":{"north":{"uv":[3.25,0.5,3.5625,6.3125],"texture":"#1"},"east":{"uv":[1,1.25,1.3125,1.3125],"texture":"#1"},"south":{"uv":[0.75,3.25,0.8125,3.3125],"texture":"#1"},"west":{"uv":[0,1.5,0.3125,1.5625],"texture":"#1"},"up":{"uv":[1.5625,0.5625,1.5,0.25],"texture":"#1"},"down":{"uv":[0.8125,1.5,0.75,1.8125],"texture":"#1"}}},{"from":[7.875,15.25,7.125],"to":[8.125,15.375,8.1875],"faces":{"north":{"uv":[3.25,0.75,3.5625,6.5625],"texture":"#1"},"east":{"uv":[0,2,0.25,2.0625],"texture":"#1"},"south":{"uv":[1,3.25,1.0625,3.3125],"texture":"#1"},"west":{"uv":[2,0,2.25,0.0625],"texture":"#1"},"up":{"uv":[0.3125,2.25,0.25,2],"texture":"#1"},"down":{"uv":[2.0625,0.25,2,0.5],"texture":"#1"}}},{"from":[7.875,15.375,7.125],"to":[8.125,15.5,8.125],"faces":{"north":{"uv":[3.25,1,3.5625,6.8125],"texture":"#1"},"east":{"uv":[0.5,2,0.75,2.0625],"texture":"#1"},"south":{"uv":[1.25,3.25,1.3125,3.3125],"texture":"#1"},"west":{"uv":[2,0.5,2.25,0.5625],"texture":"#1"},"up":{"uv":[0.8125,2.25,0.75,2],"texture":"#1"},"down":{"uv":[2.0625,0.75,2,1],"texture":"#1"}}},{"from":[7.875,15.5,7.125],"to":[8.125,15.625,8.0625],"faces":{"north":{"uv":[3.25,1.25,3.5625,7.0625],"texture":"#1"},"east":{"uv":[1,2,1.25,2.0625],"texture":"#1"},"south":{"uv":[1.5,3.25,1.5625,3.3125],"texture":"#1"},"west":{"uv":[2,1,2.25,1.0625],"texture":"#1"},"up":{"uv":[1.3125,2.25,1.25,2],"texture":"#1"},"down":{"uv":[2.0625,1.25,2,1.5],"texture":"#1"}}},{"from":[7.875,15.625,7.125],"to":[8.125,15.75,8],"faces":{"north":{"uv":[3.25,1.5,3.5625,7.3125],"texture":"#1"},"east":{"uv":[1.5,2,1.75,2.0625],"texture":"#1"},"south":{"uv":[1.75,3.25,1.8125,3.3125],"texture":"#1"},"west":{"uv":[2,1.5,2.25,1.5625],"texture":"#1"},"up":{"uv":[1.8125,2.25,1.75,2],"texture":"#1"},"down":{"uv":[2.0625,1.75,2,2],"texture":"#1"}}},{"from":[7.875,15.75,7.125],"to":[8.125,15.875,7.875],"faces":{"north":{"uv":[3.25,1.75,3.5625,7.5625],"texture":"#1"},"east":{"uv":[2.25,1.75,2.4375,1.8125],"texture":"#1"},"south":{"uv":[2,3.25,2.0625,3.3125],"texture":"#1"},"west":{"uv":[2,2.25,2.1875,2.3125],"texture":"#1"},"up":{"uv":[2.3125,2.1875,2.25,2],"texture":"#1"},"down":{"uv":[2.3125,2.25,2.25,2.4375],"texture":"#1"}}},{"from":[7.875,15.875,7.125],"to":[8.125,16.0625,7.8125],"faces":{"north":{"uv":[3.25,2,3.5625,7.8125],"texture":"#1"},"east":{"uv":[0,2.5,0.1875,2.5625],"texture":"#1"},"south":{"uv":[2.25,3.25,2.3125,3.3125],"texture":"#1"},"west":{"uv":[2.5,0,2.6875,0.0625],"texture":"#1"},"up":{"uv":[0.3125,2.6875,0.25,2.5],"texture":"#1"},"down":{"uv":[2.5625,0.25,2.5,0.4375],"texture":"#1"}}},{"from":[7.875,16.0625,7.125],"to":[8.125,16.1875,7.625],"faces":{"north":{"uv":[3.25,2.25,3.5625,8.0625],"texture":"#1"},"east":{"uv":[2,2.5,2.125,2.5625],"texture":"#1"},"south":{"uv":[2.5,3.25,2.5625,3.3125],"texture":"#1"},"west":{"uv":[2.5,2,2.625,2.0625],"texture":"#1"},"up":{"uv":[2.3125,2.625,2.25,2.5],"texture":"#1"},"down":{"uv":[2.5625,2.25,2.5,2.375],"texture":"#1"}}},{"from":[7.875,16.1875,7.125],"to":[8.125,16.3125,7.5625],"faces":{"north":{"uv":[3.25,2.5,3.5625,8.3125],"texture":"#1"},"east":{"uv":[2.5,2.5,2.625,2.5625],"texture":"#1"},"south":{"uv":[2.75,3.25,2.8125,3.3125],"texture":"#1"},"west":{"uv":[0,2.75,0.125,2.8125],"texture":"#1"},"up":{"uv":[2.8125,0.125,2.75,0],"texture":"#1"},"down":{"uv":[0.3125,2.75,0.25,2.875],"texture":"#1"}}},{"from":[7.875,16.3125,7.125],"to":[8.125,16.4375,7.5],"faces":{"north":{"uv":[3.25,2.75,3.5625,8.5625],"texture":"#1"},"east":{"uv":[2.75,0.25,2.875,0.3125],"texture":"#1"},"south":{"uv":[3,3.25,3.0625,3.3125],"texture":"#1"},"west":{"uv":[0.5,2.75,0.625,2.8125],"texture":"#1"},"up":{"uv":[2.8125,0.625,2.75,0.5],"texture":"#1"},"down":{"uv":[0.8125,2.75,0.75,2.875],"texture":"#1"}}},{"from":[7.96875,15.375,7.125],"to":[8.03125,15.625,8.375],"faces":{"north":{"uv":[3.25,3,3.5625,8.8125],"texture":"#1"},"east":{"uv":[1.5,0.75,1.8125,0.8125],"texture":"#1"},"south":{"uv":[3.25,3.25,3.3125,3.3125],"texture":"#1"},"west":{"uv":[1,1.5,1.3125,1.5625],"texture":"#1"},"up":{"uv":[1.5625,1.3125,1.5,1],"texture":"#1"},"down":{"uv":[1.5625,1.5,1.5,1.8125],"texture":"#1"}}},{"from":[7.96875,15.625,7.125],"to":[8.03125,16,8.1875],"faces":{"north":{"uv":[2.75,0.75,3.0625,6.625],"texture":"#1"},"east":{"uv":[0,0,0.25,0.125],"texture":"#1"},"south":{"uv":[1,2.75,1.0625,2.875],"texture":"#1"},"west":{"uv":[0,0.25,0.25,0.375],"texture":"#1"},"up":{"uv":[2.0625,2.25,2,2],"texture":"#1"},"down":{"uv":[0.0625,2.25,0,2.5],"texture":"#1"}}},{"from":[7.96875,15.875,7.125],"to":[8.03125,16.25,8],"faces":{"north":{"uv":[2.75,1,3.0625,6.875],"texture":"#1"},"east":{"uv":[0.25,0,0.5,0.125],"texture":"#1"},"south":{"uv":[1.25,2.75,1.3125,2.875],"texture":"#1"},"west":{"uv":[0.25,0.25,0.5,0.375],"texture":"#1"},"up":{"uv":[2.3125,0.25,2.25,0],"texture":"#1"},"down":{"uv":[0.3125,2.25,0.25,2.5],"texture":"#1"}}},{"from":[7.96875,16.125,7.125],"to":[8.03125,16.5,7.6875],"faces":{"north":{"uv":[2.75,1.25,3.0625,7.125],"texture":"#1"},"east":{"uv":[2.25,0.25,2.375,0.375],"texture":"#1"},"south":{"uv":[1.5,2.75,1.5625,2.875],"texture":"#1"},"west":{"uv":[0.5,2.25,0.625,2.375],"texture":"#1"},"up":{"uv":[2.8125,1.625,2.75,1.5],"texture":"#1"},"down":{"uv":[1.8125,2.75,1.75,2.875],"texture":"#1"}}},{"from":[7.96875,16.375,7.125],"to":[8.03125,16.625,7.5625],"faces":{"north":{"uv":[0,3.5,0.3125,9.3125],"texture":"#1"},"east":{"uv":[2.75,1.75,2.875,1.8125],"texture":"#1"},"south":{"uv":[3.5,0,3.5625,0.0625],"texture":"#1"},"west":{"uv":[2,2.75,2.125,2.8125],"texture":"#1"},"up":{"uv":[2.8125,2.125,2.75,2],"texture":"#1"},"down":{"uv":[2.3125,2.75,2.25,2.875],"texture":"#1"}}},{"from":[7.8125,15,7.125],"to":[8.1875,15.25,8.0625],"faces":{"north":{"uv":[2.75,2.25,3.125,8.0625],"texture":"#1"},"east":{"uv":[2.25,0.5,2.5,0.5625],"texture":"#1"},"south":{"uv":[2.5,2.75,2.625,2.8125],"texture":"#1"},"west":{"uv":[0.75,2.25,1,2.3125],"texture":"#1"},"up":{"uv":[0.125,0.75,0,0.5],"texture":"#1"},"down":{"uv":[0.625,0,0.5,0.25],"texture":"#1"}}},{"from":[7.8125,15.25,7.125],"to":[8.1875,15.5,8],"faces":{"north":{"uv":[2.75,2.5,3.125,8.3125],"texture":"#1"},"east":{"uv":[2.25,0.75,2.5,0.8125],"texture":"#1"},"south":{"uv":[2.75,2.75,2.875,2.8125],"texture":"#1"},"west":{"uv":[1,2.25,1.25,2.3125],"texture":"#1"},"up":{"uv":[0.375,0.75,0.25,0.5],"texture":"#1"},"down":{"uv":[0.625,0.25,0.5,0.5],"texture":"#1"}}},{"from":[7.8125,15.5,7.125],"to":[8.1875,15.75,7.875],"faces":{"north":{"uv":[0,3,0.375,8.8125],"texture":"#1"},"east":{"uv":[0.5,2.5,0.6875,2.5625],"texture":"#1"},"south":{"uv":[3,0,3.125,0.0625],"texture":"#1"},"west":{"uv":[2.5,0.5,2.6875,0.5625],"texture":"#1"},"up":{"uv":[0.875,0.9375,0.75,0.75],"texture":"#1"},"down":{"uv":[0.125,1,0,1.1875],"texture":"#1"}}},{"from":[7.8125,15.75,7.125],"to":[8.1875,16,7.75],"faces":{"north":{"uv":[0.25,3,0.625,8.8125],"texture":"#1"},"east":{"uv":[0.75,2.5,0.9375,2.5625],"texture":"#1"},"south":{"uv":[3,0.25,3.125,0.3125],"texture":"#1"},"west":{"uv":[2.5,0.75,2.6875,0.8125],"texture":"#1"},"up":{"uv":[1.125,0.1875,1,0],"texture":"#1"},"down":{"uv":[0.375,1,0.25,1.1875],"texture":"#1"}}},{"from":[7.8125,16,7.125],"to":[8.1875,16.25,7.5],"faces":{"north":{"uv":[0.5,3,0.875,8.8125],"texture":"#1"},"east":{"uv":[3,0.5,3.125,0.5625],"texture":"#1"},"south":{"uv":[0.75,3,0.875,3.0625],"texture":"#1"},"west":{"uv":[3,0.75,3.125,0.8125],"texture":"#1"},"up":{"uv":[2.375,1.125,2.25,1],"texture":"#1"},"down":{"uv":[1.375,2.25,1.25,2.375],"texture":"#1"}}},{"from":[7.8125,16.25,7.125],"to":[8.1875,16.375,7.375],"faces":{"north":{"uv":[1,3,1.375,8.8125],"texture":"#1"},"east":{"uv":[0.25,3.5,0.3125,3.5625],"texture":"#1"},"south":{"uv":[3,1,3.125,1.0625],"texture":"#1"},"west":{"uv":[3.5,0.25,3.5625,0.3125],"texture":"#1"},"up":{"uv":[1.375,3.0625,1.25,3],"texture":"#1"},"down":{"uv":[3.125,1.25,3,1.3125],"texture":"#1"}}},{"from":[7.8125,14.0625,7.25],"to":[8.1875,15.1875,8.3125],"faces":{"north":{"uv":[0.0625,0.0625,0.4375,5.9375],"texture":"#1"},"east":{"uv":[9.8125,0.0625,11.4375,16],"texture":"#1"},"south":{"uv":[0.5625,0.0625,0.6875,0.1875],"texture":"#1"},"west":{"uv":[9.8125,0.0625,12.9375,16],"texture":"#1"},"up":{"uv":[1.0625,0.0625,1.1875,0.1875],"texture":"#1"},"down":{"uv":[1.3125,0.0625,1.4375,0.1875],"texture":"#1"}}},{"from":[7.875,14.0625,7.375],"to":[8.125,15.1875,8.4375],"faces":{"north":{"uv":[1.5625,0.0625,1.9375,5.9375],"texture":"#1"},"east":{"uv":[1.8125,0.0625,1.9375,0.1875],"texture":"#1"},"south":{"uv":[2.0625,0.0625,2.1875,0.1875],"texture":"#1"},"west":{"uv":[2.3125,0.0625,2.4375,0.1875],"texture":"#1"},"up":{"uv":[2.5625,0.0625,2.6875,0.1875],"texture":"#1"},"down":{"uv":[2.8125,0.0625,2.9375,0.1875],"texture":"#1"}}},{"from":[7.9375,14.0625,7.5],"to":[8.0625,15.1875,8.5625],"faces":{"north":{"uv":[3.0625,0.0625,3.4375,5.9375],"texture":"#1"},"east":{"uv":[3.3125,0.0625,3.4375,0.1875],"texture":"#1"},"south":{"uv":[3.5625,0.0625,3.6875,0.1875],"texture":"#1"},"west":{"uv":[3.8125,0.0625,3.9375,0.1875],"texture":"#1"},"up":{"uv":[0.0625,0.3125,0.1875,0.4375],"texture":"#1"},"down":{"uv":[0.3125,0.3125,0.4375,0.4375],"texture":"#1"}}},{"from":[7.96875,14.0625,7.625],"to":[8.03125,15.1875,8.6875],"faces":{"north":{"uv":[0.5625,0.3125,0.9375,6.1875],"texture":"#1"},"east":{"uv":[0.8125,0.3125,0.9375,0.4375],"texture":"#1"},"south":{"uv":[1.0625,0.3125,1.1875,0.4375],"texture":"#1"},"west":{"uv":[1.3125,0.3125,1.4375,0.4375],"texture":"#1"},"up":{"uv":[1.5625,0.3125,1.6875,0.4375],"texture":"#1"},"down":{"uv":[1.8125,0.3125,1.9375,0.4375],"texture":"#1"}}},{"from":[7.8125,0.125,7.3125],"to":[8.1875,14.125,8.375],"faces":{"north":{"uv":[6.8125,0,7.6875,16],"texture":"#1"},"east":{"uv":[9.3125,0.0625,10.4375,16],"texture":"#1"},"south":{"uv":[0.5625,0.0625,0.6875,0.1875],"texture":"#1"},"west":{"uv":[9.8125,0.0625,13.4375,16],"texture":"#1"},"up":{"uv":[1.0625,0.0625,1.1875,0.1875],"texture":"#1"},"down":{"uv":[1.3125,0.0625,1.4375,0.1875],"texture":"#1"}}},{"from":[7.875,0.125,7.4375],"to":[8.125,14.125,8.5],"faces":{"north":{"uv":[1.5625,0.0625,1.9375,5.9375],"texture":"#1"},"east":{"uv":[1.8125,0.0625,1.9375,0.1875],"texture":"#1"},"south":{"uv":[2.0625,0.0625,2.1875,0.1875],"texture":"#1"},"west":{"uv":[2.3125,0.0625,2.4375,0.1875],"texture":"#1"},"up":{"uv":[2.5625,0.0625,2.6875,0.1875],"texture":"#1"},"down":{"uv":[2.8125,0.0625,2.9375,0.1875],"texture":"#1"}}},{"from":[7.9375,0.125,7.5625],"to":[8.0625,14.125,8.625],"faces":{"north":{"uv":[3.0625,0.0625,3.4375,5.9375],"texture":"#1"},"east":{"uv":[3.3125,0.0625,3.4375,0.1875],"texture":"#1"},"south":{"uv":[3.5625,0.0625,3.6875,0.1875],"texture":"#1"},"west":{"uv":[3.8125,0.0625,3.9375,0.1875],"texture":"#1"},"up":{"uv":[0.0625,0.3125,0.1875,0.4375],"texture":"#1"},"down":{"uv":[0.3125,0.3125,0.4375,0.4375],"texture":"#1"}}},{"from":[7.96875,0.125,7.6875],"to":[8.03125,14.125,8.75],"faces":{"north":{"uv":[0.5625,0.3125,0.9375,6.1875],"texture":"#1"},"east":{"uv":[0.8125,0.3125,0.9375,0.4375],"texture":"#1"},"south":{"uv":[1.0625,0.3125,1.1875,0.4375],"texture":"#1"},"west":{"uv":[1.3125,0.3125,1.4375,0.4375],"texture":"#1"},"up":{"uv":[1.5625,0.3125,1.6875,0.4375],"texture":"#1"},"down":{"uv":[1.8125,0.3125,1.9375,0.4375],"texture":"#1"}}}],"display":{"thirdperson_righthand":{"rotation":[0,-180,1],"translation":[0,8.75,0]},"thirdperson_lefthand":{"rotation":[0,-180,0],"translation":[0,9,0]},"firstperson_righthand":{"rotation":[0,-180,7],"translation":[0,7.75,0.75]},"firstperson_lefthand":{"rotation":[0,-180,0],"translation":[0,7.75,0]},"ground":{"rotation":[0,-180,0],"translation":[0,10,0]},"gui":{"rotation":[104.5,40.53,-96.43],"translation":[2,1,0],"scale":[1,0.86,1]},"head":{"rotation":[0,-180,0],"translation":[0,9,0]},"fixed":{"rotation":[90,-49.75,90],"translation":[-2,2.25,-1]}},"groups":[{"name":"Handle","origin":[0,0,0],"color":0,"children":[0,1,2,3,4,5,6,7,8,9,10,11]},{"name":"Guard","origin":[0,0,0],"color":0,"children":[12,13,14,15,16,17]},{"name":"Blade","origin":[8,8,8],"color":0,"children":[{"name":"BladeTip","origin":[8,8,8],"color":0,"children":[18,19,20,21,22,23,24,25,26,27,28,29,30,31,32,33,34,35,36,37,38,39,40,41,42,43,44,45,46,47]},{"name":"Blade","origin":[8,8,8],"color":0,"children":[48,49,50,51]},52,53,54,55]}]}