{"credit":"MadewithBlockbench","textures":{"0":"furnituresplusfree:furnituresplus/quartz_pillar","1":"furnituresplusfree:furnituresplus/amethyst_block","particle":"furnituresplusfree:furnituresplus/quartz_pillar"},"elements":[{"from":[3,7,0],"to":[13,8,16],"rotation":{"angle":0,"axis":"y","origin":[16,0,0]},"faces":{"north":{"uv":[16,2,8,3],"texture":"#1"},"east":{"uv":[16,2,8,3],"texture":"#1"},"south":{"uv":[16,2,8,3],"texture":"#1"},"west":{"uv":[16,2,8,3],"texture":"#1"},"up":{"uv":[16,0,0,16],"texture":"#1"},"down":{"uv":[16,0,0,16],"texture":"#1"}}},{"from":[0,6,0],"to":[1,8.9,16],"rotation":{"angle":0,"axis":"y","origin":[16,0,0]},"faces":{"north":{"uv":[16,0,15.5,2],"texture":"#0"},"east":{"uv":[16,0,8,2],"texture":"#0"},"south":{"uv":[16,0,15.5,2],"texture":"#0"},"west":{"uv":[16,0,8.5,2],"texture":"#0"},"up":{"uv":[8,1.5,16,0.5],"rotation":270,"texture":"#0"},"down":{"uv":[8,1.5,16,0.5],"rotation":270,"texture":"#0"}}},{"from":[15,6,0],"to":[16,8.9,16],"rotation":{"angle":0,"axis":"y","origin":[16,0,0]},"faces":{"north":{"uv":[16,0,15.5,2],"texture":"#0"},"east":{"uv":[16,0,8,2],"texture":"#0"},"south":{"uv":[16,0,15.5,2],"texture":"#0"},"west":{"uv":[16,0,8.5,2],"texture":"#0"},"up":{"uv":[8,1.5,16,0.5],"rotation":270,"texture":"#0"},"down":{"uv":[8,1.5,16,0.5],"rotation":270,"texture":"#0"}}},{"from":[0,0,16],"to":[16,9,17],"rotation":{"angle":0,"axis":"y","origin":[16,0,0]},"faces":{"north":{"uv":[16,0,8.5,2],"texture":"#0"},"east":{"uv":[16,0,15.5,2],"texture":"#0"},"south":{"uv":[16,0,8,2],"texture":"#0"},"west":{"uv":[16,0,15.5,2],"texture":"#0"},"up":{"uv":[8,1.5,16,0.5],"texture":"#0"},"down":{"uv":[8,1.5,16,0.5],"rotation":180,"texture":"#0"}}},{"from":[0,0,-1],"to":[16,9,0],"rotation":{"angle":0,"axis":"y","origin":[16,0,0]},"faces":{"north":{"uv":[16,0,8.5,2],"texture":"#0"},"east":{"uv":[16,0,15.5,2],"texture":"#0"},"south":{"uv":[16,0,8,2],"texture":"#0"},"west":{"uv":[16,0,15.5,2],"texture":"#0"},"up":{"uv":[8,1.5,16,0.5],"texture":"#0"},"down":{"uv":[8,1.5,16,0.5],"rotation":180,"texture":"#0"}}}],"display":{"thirdperson_righthand":{"rotation":[75,45,0],"translation":[0,2.5,0],"scale":[0.375,0.375,0.375]},"thirdperson_lefthand":{"rotation":[75,45,0],"translation":[0,2.5,0],"scale":[0.375,0.375,0.375]},"firstperson_righthand":{"rotation":[0,45,0],"scale":[0.4,0.4,0.4]},"firstperson_lefthand":{"rotation":[0,45,0],"scale":[0.4,0.4,0.4]},"ground":{"translation":[0,2,0],"scale":[0.5,0.5,0.5]},"gui":{"rotation":[30,45,0],"translation":[0,-0.6,0],"scale":[0.5,0.5,0.5]},"head":{"translation":[0,-30.4,0],"scale":[1.6,1.6,1.6]},"fixed":{"rotation":[-90,180,0],"translation":[0,0,-14],"scale":[2.01,2.01,2.01]}}}