{"textures":{"0":"block/iron_block","1":"block/dirt","2":"block/bamboo_stalk","3":"block/bamboo_small_leaves","particle":"block/iron_block"},"elements":[{"from":[3,0,3],"to":[13,4,13],"faces":{"north":{"uv":[0,4,16,10],"texture":"#0"},"east":{"uv":[0,4,16,10],"texture":"#0"},"south":{"uv":[0,4,16,10],"texture":"#0"},"west":{"uv":[0,4,16,10],"texture":"#0"},"up":{"uv":[0,0,16,16],"texture":"#0"},"down":{"uv":[0,0,16,16],"texture":"#0"}}},{"from":[2,4,2],"to":[14,11,14],"faces":{"north":{"uv":[0,3,16,12],"texture":"#0"},"east":{"uv":[0,3,16,12],"texture":"#0"},"south":{"uv":[0,3,16,12],"texture":"#0"},"west":{"uv":[0,3,16,12],"texture":"#0"},"up":{"uv":[0,0,16,16],"texture":"#1"},"down":{"uv":[0,0,16,16],"texture":"#0"}}},{"from":[1,11,1],"to":[15,13,3],"faces":{"north":{"uv":[1,7,15,9],"rotation":270,"texture":"#0"},"east":{"uv":[1,7,3,9],"rotation":180,"texture":"#0"},"south":{"uv":[0,0,16,1],"texture":"#0"},"west":{"uv":[1,7,3,9],"rotation":180,"texture":"#0"},"up":{"uv":[1,7,15,9],"rotation":270,"texture":"#0"},"down":{"uv":[0,0,16,1],"texture":"#0"}}},{"from":[1,11,13],"to":[15,13,15],"faces":{"north":{"uv":[0,0,16,1],"texture":"#0"},"east":{"uv":[1,7,3,9],"rotation":180,"texture":"#0"},"south":{"uv":[1,7,15,9],"rotation":270,"texture":"#0"},"west":{"uv":[1,7,3,9],"rotation":180,"texture":"#0"},"up":{"uv":[1,7,15,9],"rotation":270,"texture":"#0"},"down":{"uv":[0,0,16,1],"texture":"#0"}}},{"from":[13,11,3],"to":[15,13,13],"rotation":{"angle":0,"axis":"y","origin":[8,11.5,9]},"faces":{"north":{"uv":[4,5,7,8],"texture":"#0"},"east":{"uv":[1,7,15,9],"rotation":270,"texture":"#0"},"south":{"uv":[4,5,7,8],"texture":"#0"},"west":{"uv":[0,0,16,1],"texture":"#0"},"up":{"uv":[1,7,15,9],"rotation":270,"texture":"#0"},"down":{"uv":[0,0,16,1],"rotation":90,"texture":"#0"}}},{"from":[1,11,3],"to":[3,13,13],"rotation":{"angle":0,"axis":"y","origin":[8,11.5,9]},"faces":{"north":{"uv":[4,5,7,8],"texture":"#0"},"east":{"uv":[0,0,16,1],"texture":"#0"},"south":{"uv":[4,5,7,8],"texture":"#0"},"west":{"uv":[1,7,15,9],"rotation":270,"texture":"#0"},"up":{"uv":[1,7,15,9],"rotation":270,"texture":"#0"},"down":{"uv":[0,0,16,1],"rotation":90,"texture":"#0"}}},{"from":[1,24,6.5],"to":[8,32,6.5],"rotation":{"angle":0,"axis":"z","origin":[7.5,18,6.5]},"faces":{"north":{"uv":[2,0,14,16],"texture":"#3"},"south":{"uv":[2,0,14,16],"texture":"#3"}}},{"from":[4,11,6],"to":[5,27,7],"rotation":{"angle":0,"axis":"z","origin":[7.5,18,6.5]},"faces":{"north":{"uv":[0,0,1,14],"texture":"#2"},"east":{"uv":[0,0,1,14],"texture":"#2"},"south":{"uv":[0,0,1,14],"texture":"#2"},"west":{"uv":[0,0,1,14],"texture":"#2"},"up":{"uv":[0,0,1,1],"texture":"#2"},"down":{"uv":[0,0,1,14],"texture":"#2"}}},{"from":[7,17,6.5],"to":[14,25,6.5],"rotation":{"angle":-45,"axis":"y","origin":[10.5,23.5,6.5]},"faces":{"north":{"uv":[2,0,14,16],"texture":"#3"},"south":{"uv":[2,0,14,16],"texture":"#3"}}},{"from":[10,8,6],"to":[11,20,7],"rotation":{"angle":-45,"axis":"y","origin":[10.5,23.5,6.5]},"faces":{"north":{"uv":[0,0,1,10],"texture":"#2"},"east":{"uv":[0,0,1,10],"texture":"#2"},"south":{"uv":[0,0,1,10],"texture":"#2"},"west":{"uv":[0,0,1,10],"texture":"#2"},"up":{"uv":[0,0,2,2],"texture":"#2"},"down":{"uv":[0,0,1,10],"texture":"#2"}}},{"from":[1,19,10.5],"to":[8,27,10.5],"rotation":{"angle":22.5,"axis":"y","origin":[4.5,18.5,10.5]},"faces":{"north":{"uv":[2,0,14,16],"texture":"#3"},"south":{"uv":[2,0,14,16],"texture":"#3"}}},{"from":[4,6,10],"to":[5,22,11],"rotation":{"angle":22.5,"axis":"y","origin":[4.5,18.5,10.5]},"faces":{"north":{"uv":[0,0,1,14],"texture":"#2"},"east":{"uv":[0,0,1,14],"texture":"#2"},"south":{"uv":[0,0,1,14],"texture":"#2"},"west":{"uv":[0,0,1,14],"texture":"#2"},"up":{"uv":[0,0,1,1],"texture":"#2"},"down":{"uv":[0,0,1,14],"texture":"#2"}}}],"display":{"thirdperson_righthand":{"rotation":[70,45,0],"translation":[0,1.75,0.25],"scale":[0.25,0.25,0.25]},"firstperson_righthand":{"rotation":[0,-45,0],"translation":[3,0,0],"scale":[0.4,0.4,0.4]},"ground":{"translation":[0,3.5,0],"scale":[0.25,0.25,0.25]},"gui":{"rotation":[25,45,0],"translation":[0,-3,0],"scale":[0.55,0.55,0.55]},"head":{"translation":[0,-15,0],"scale":[2.3,2.3,2.3]},"fixed":{"rotation":[-90,-180,0],"translation":[0,0,-11],"scale":[1.5,1.5,1.5]}},"groups":[0,1,2,3,4,5,{"name":"group","origin":[7.5,18,6.5],"children":[6,7]},{"name":"group","origin":[7.5,18,6.5],"children":[8,9]},{"name":"group","origin":[7.5,18,6.5],"children":[10,11]}]}