{"credit":"MadewithBlockbench","textures":{"0":"block/iron_block","1":"block/dirt","2":"block/cactus_side","3":"block/cactus_top","particle":"block/iron_block"},"elements":[{"from":[3,0,3],"to":[13,4,13],"faces":{"north":{"uv":[0,4,16,10],"texture":"#0"},"east":{"uv":[0,4,16,10],"texture":"#0"},"south":{"uv":[0,4,16,10],"texture":"#0"},"west":{"uv":[0,4,16,10],"texture":"#0"},"up":{"uv":[0,0,16,16],"texture":"#0"},"down":{"uv":[0,0,16,16],"texture":"#0"}}},{"from":[2,4,2],"to":[14,11,14],"faces":{"north":{"uv":[0,3,16,12],"texture":"#0"},"east":{"uv":[0,3,16,12],"texture":"#0"},"south":{"uv":[0,3,16,12],"texture":"#0"},"west":{"uv":[0,3,16,12],"texture":"#0"},"up":{"uv":[0,0,16,16],"texture":"#1"},"down":{"uv":[0,0,16,16],"texture":"#0"}}},{"from":[1,11,1],"to":[15,13,3],"faces":{"north":{"uv":[1,7,15,9],"rotation":270,"texture":"#0"},"east":{"uv":[1,7,3,9],"rotation":180,"texture":"#0"},"south":{"uv":[0,0,16,1],"texture":"#0"},"west":{"uv":[1,7,3,9],"rotation":180,"texture":"#0"},"up":{"uv":[1,7,15,9],"rotation":270,"texture":"#0"},"down":{"uv":[0,0,16,1],"texture":"#0"}}},{"from":[1,11,13],"to":[15,13,15],"faces":{"north":{"uv":[0,0,16,1],"texture":"#0"},"east":{"uv":[1,7,3,9],"rotation":180,"texture":"#0"},"south":{"uv":[1,7,15,9],"rotation":270,"texture":"#0"},"west":{"uv":[1,7,3,9],"rotation":180,"texture":"#0"},"up":{"uv":[1,7,15,9],"rotation":270,"texture":"#0"},"down":{"uv":[0,0,16,1],"texture":"#0"}}},{"from":[13,11,3],"to":[15,13,13],"rotation":{"angle":0,"axis":"y","origin":[8,11.5,9]},"faces":{"north":{"uv":[4,5,7,8],"texture":"#0"},"east":{"uv":[1,7,15,9],"rotation":270,"texture":"#0"},"south":{"uv":[4,5,7,8],"texture":"#0"},"west":{"uv":[0,0,16,1],"texture":"#0"},"up":{"uv":[1,7,15,9],"rotation":270,"texture":"#0"},"down":{"uv":[0,0,16,1],"rotation":90,"texture":"#0"}}},{"from":[1,11,3],"to":[3,13,13],"rotation":{"angle":0,"axis":"y","origin":[8,11.5,9]},"faces":{"north":{"uv":[4,5,7,8],"texture":"#0"},"east":{"uv":[0,0,16,1],"texture":"#0"},"south":{"uv":[4,5,7,8],"texture":"#0"},"west":{"uv":[1,7,15,9],"rotation":270,"texture":"#0"},"up":{"uv":[1,7,15,9],"rotation":270,"texture":"#0"},"down":{"uv":[0,0,16,1],"rotation":90,"texture":"#0"}}},{"from":[3.8,11,8.65],"to":[7.8,15,8.65],"rotation":{"angle":0,"axis":"z","origin":[7.5,18,6.5]},"faces":{"north":{"uv":[0,0,16,16],"rotation":180,"texture":"#2"},"south":{"uv":[0,0,16,16],"texture":"#2"}}},{"from":[4.05,11,8.4],"to":[4.05,15,12.4],"rotation":{"angle":0,"axis":"y","origin":[8,13,8]},"faces":{"east":{"uv":[0,0,16,16],"texture":"#2"},"west":{"uv":[0,0,16,16],"texture":"#2"}}},{"from":[3.8,11,12.15],"to":[7.8,15,12.15],"rotation":{"angle":0,"axis":"z","origin":[7.5,18,6.5]},"faces":{"north":{"uv":[0,0,16,16],"texture":"#2"},"south":{"uv":[0,0,16,16],"rotation":180,"texture":"#2"}}},{"from":[7.55,11,8.4],"to":[7.55,15,12.4],"rotation":{"angle":0,"axis":"y","origin":[8,13,8]},"faces":{"east":{"uv":[0,0,16,16],"texture":"#2"},"west":{"uv":[0,0,16,16],"texture":"#2"}}},{"from":[4.05,15,8.65],"to":[7.55,15,12.15],"rotation":{"angle":0,"axis":"z","origin":[9.75,13,8]},"faces":{"up":{"uv":[1,1,15,15],"rotation":270,"texture":"#3"},"down":{"uv":[0,0,16,16],"rotation":270,"texture":"#2"}}},{"from":[3.8,15,8.65],"to":[7.8,19,8.65],"rotation":{"angle":0,"axis":"z","origin":[7.5,18,6.5]},"faces":{"north":{"uv":[0,0,16,16],"rotation":180,"texture":"#2"},"south":{"uv":[0,0,16,16],"texture":"#2"}}},{"from":[4.05,15,8.4],"to":[4.05,19,12.4],"rotation":{"angle":0,"axis":"y","origin":[8,13,8]},"faces":{"east":{"uv":[0,0,16,16],"texture":"#2"},"west":{"uv":[0,0,16,16],"texture":"#2"}}},{"from":[3.8,15,12.15],"to":[7.8,19,12.15],"rotation":{"angle":0,"axis":"z","origin":[7.5,18,6.5]},"faces":{"north":{"uv":[0,0,16,16],"texture":"#2"},"south":{"uv":[0,0,16,16],"rotation":180,"texture":"#2"}}},{"from":[7.55,15,8.4],"to":[7.55,19,12.4],"rotation":{"angle":0,"axis":"y","origin":[8,13,8]},"faces":{"east":{"uv":[0,0,16,16],"texture":"#2"},"west":{"uv":[0,0,16,16],"texture":"#2"}}},{"from":[4.05,19,8.65],"to":[7.55,19,12.15],"rotation":{"angle":0,"axis":"z","origin":[9.75,13,8]},"faces":{"up":{"uv":[1,1,15,15],"rotation":270,"texture":"#3"},"down":{"uv":[0,0,16,16],"rotation":270,"texture":"#2"}}},{"from":[3.8,19,8.65],"to":[7.8,23,8.65],"rotation":{"angle":0,"axis":"z","origin":[7.5,18,6.5]},"faces":{"north":{"uv":[0,0,16,16],"rotation":180,"texture":"#2"},"south":{"uv":[0,0,16,16],"texture":"#2"}}},{"from":[4.05,19,8.4],"to":[4.05,23,12.4],"rotation":{"angle":0,"axis":"y","origin":[8,13,8]},"faces":{"east":{"uv":[0,0,16,16],"texture":"#2"},"west":{"uv":[0,0,16,16],"texture":"#2"}}},{"from":[3.8,19,12.15],"to":[7.8,23,12.15],"rotation":{"angle":0,"axis":"z","origin":[7.5,18,6.5]},"faces":{"north":{"uv":[0,0,16,16],"texture":"#2"},"south":{"uv":[0,0,16,16],"rotation":180,"texture":"#2"}}},{"from":[7.55,19,8.4],"to":[7.55,23,12.4],"rotation":{"angle":0,"axis":"y","origin":[8,13,8]},"faces":{"east":{"uv":[0,0,16,16],"texture":"#2"},"west":{"uv":[0,0,16,16],"texture":"#2"}}},{"from":[4.05,23,8.65],"to":[7.55,23,12.15],"rotation":{"angle":0,"axis":"z","origin":[9.75,13,8]},"faces":{"up":{"uv":[1,1,15,15],"rotation":270,"texture":"#3"},"down":{"uv":[0,0,16,16],"rotation":270,"texture":"#2"}}},{"from":[8.7,11.2,6.75],"to":[12.7,15.2,6.75],"rotation":{"angle":0,"axis":"z","origin":[7.5,18,6.5]},"faces":{"north":{"uv":[0,0,16,16],"rotation":180,"texture":"#2"},"south":{"uv":[0,0,16,16],"texture":"#2"}}},{"from":[8.95,11.2,6.5],"to":[8.95,15.2,10.5],"rotation":{"angle":0,"axis":"y","origin":[8,13,8]},"faces":{"east":{"uv":[0,0,16,16],"texture":"#2"},"west":{"uv":[0,0,16,16],"texture":"#2"}}},{"from":[8.7,11.2,10.25],"to":[12.7,15.2,10.25],"rotation":{"angle":0,"axis":"z","origin":[7.5,18,6.5]},"faces":{"north":{"uv":[0,0,16,16],"texture":"#2"},"south":{"uv":[0,0,16,16],"rotation":180,"texture":"#2"}}},{"from":[12.45,11.2,6.5],"to":[12.45,15.2,10.5],"rotation":{"angle":0,"axis":"y","origin":[8,13,8]},"faces":{"east":{"uv":[0,0,16,16],"texture":"#2"},"west":{"uv":[0,0,16,16],"texture":"#2"}}},{"from":[8.95,15.2,6.75],"to":[12.45,15.2,10.25],"rotation":{"angle":0,"axis":"z","origin":[9.75,13,8]},"faces":{"up":{"uv":[1,1,15,15],"rotation":270,"texture":"#3"},"down":{"uv":[0,0,16,16],"rotation":270,"texture":"#2"}}},{"from":[4.5,11,3.65],"to":[8.5,15,3.65],"rotation":{"angle":0,"axis":"z","origin":[7.5,18,6.5]},"faces":{"north":{"uv":[0,0,16,16],"rotation":180,"texture":"#2"},"south":{"uv":[0,0,16,16],"texture":"#2"}}},{"from":[4.75,11,3.4],"to":[4.75,15,7.4],"rotation":{"angle":0,"axis":"y","origin":[8,13,8]},"faces":{"east":{"uv":[0,0,16,16],"texture":"#2"},"west":{"uv":[0,0,16,16],"texture":"#2"}}},{"from":[4.5,11,7.15],"to":[8.5,15,7.15],"rotation":{"angle":0,"axis":"z","origin":[7.5,18,6.5]},"faces":{"north":{"uv":[0,0,16,16],"texture":"#2"},"south":{"uv":[0,0,16,16],"rotation":180,"texture":"#2"}}},{"from":[8.25,11,3.4],"to":[8.25,15,7.4],"rotation":{"angle":0,"axis":"y","origin":[8,13,8]},"faces":{"east":{"uv":[0,0,16,16],"texture":"#2"},"west":{"uv":[0,0,16,16],"texture":"#2"}}},{"from":[4.75,15,3.65],"to":[8.25,15,7.15],"rotation":{"angle":0,"axis":"z","origin":[9.75,13,8]},"faces":{"up":{"uv":[1,1,15,15],"rotation":270,"texture":"#3"},"down":{"uv":[0,0,16,16],"rotation":270,"texture":"#2"}}},{"from":[4.5,15,3.65],"to":[8.5,19,3.65],"rotation":{"angle":0,"axis":"z","origin":[7.5,18,6.5]},"faces":{"north":{"uv":[0,0,16,16],"rotation":180,"texture":"#2"},"south":{"uv":[0,0,16,16],"texture":"#2"}}},{"from":[4.75,15,3.4],"to":[4.75,19,7.4],"rotation":{"angle":0,"axis":"y","origin":[8,13,8]},"faces":{"east":{"uv":[0,0,16,16],"texture":"#2"},"west":{"uv":[0,0,16,16],"texture":"#2"}}},{"from":[4.5,15,7.15],"to":[8.5,19,7.15],"rotation":{"angle":0,"axis":"z","origin":[7.5,18,6.5]},"faces":{"north":{"uv":[0,0,16,16],"texture":"#2"},"south":{"uv":[0,0,16,16],"rotation":180,"texture":"#2"}}},{"from":[8.25,15,3.4],"to":[8.25,19,7.4],"rotation":{"angle":0,"axis":"y","origin":[8,13,8]},"faces":{"east":{"uv":[0,0,16,16],"texture":"#2"},"west":{"uv":[0,0,16,16],"texture":"#2"}}},{"from":[4.75,19,3.65],"to":[8.25,19,7.15],"rotation":{"angle":0,"axis":"z","origin":[9.75,13,8]},"faces":{"up":{"uv":[1,1,15,15],"rotation":270,"texture":"#3"},"down":{"uv":[0,0,16,16],"rotation":270,"texture":"#2"}}}],"display":{"thirdperson_righthand":{"rotation":[70,45,0],"translation":[0,1.75,0.25],"scale":[0.25,0.25,0.25]},"firstperson_righthand":{"rotation":[0,-45,0],"translation":[3,0,0],"scale":[0.4,0.4,0.4]},"ground":{"translation":[0,3.5,0],"scale":[0.25,0.25,0.25]},"gui":{"rotation":[25,45,0],"translation":[0,-3,0],"scale":[0.55,0.55,0.55]},"head":{"translation":[0,-15,0],"scale":[2.3,2.3,2.3]},"fixed":{"rotation":[-90,-180,0],"translation":[0,0,-11],"scale":[1.5,1.5,1.5]}},"groups":[0,1,2,3,4,5,{"name":"group","origin":[7.5,18,6.5],"children":[{"name":"group","origin":[7.5,18,6.5],"children":[6,7,8,9,10]},{"name":"group","origin":[7.5,18,6.5],"children":[11,12,13,14,15]},{"name":"group","origin":[7.5,18,6.5],"children":[16,17,18,19,20]}]},{"name":"group","origin":[7.5,18,6.5],"children":[{"name":"group","origin":[7.5,18,6.5],"children":[21,22,23,24,25]}]},{"name":"group","origin":[7.5,18,6.5],"children":[{"name":"group","origin":[7.5,18,6.5],"children":[26,27,28,29,30]},{"name":"group","origin":[7.5,18,6.5],"children":[31,32,33,34,35]}]}]}