{"variants":{"attached=false,east=false,north=false,south=false,disarmed=false,west=false,powered=true":{"model":"customcrops:corn/stage_1"},"attached=false,east=false,north=false,south=false,disarmed=false,west=true,powered=false":{"model":"customcrops:corn/stage_2"},"attached=false,east=false,north=false,south=false,disarmed=false,west=true,powered=true":{"model":"customcrops:corn/stage_3"},"attached=false,east=false,north=false,south=false,disarmed=true,west=false,powered=false":{"model":"customcrops:corn/stage_4"},"attached=false,east=false,north=false,south=false,disarmed=true,west=false,powered=true":{"model":"customcrops:garlic/stage_1"},"attached=false,east=false,north=false,south=false,disarmed=true,west=true,powered=false":{"model":"customcrops:garlic/stage_2"},"attached=false,east=false,north=false,south=false,disarmed=true,west=true,powered=true":{"model":"customcrops:garlic/stage_3"},"attached=false,east=false,north=false,south=true,disarmed=false,west=false,powered=false":{"model":"customcrops:garlic/stage_4"},"attached=false,east=false,north=false,south=true,disarmed=false,west=false,powered=true":{"model":"customcrops:pepper/stage_1"},"attached=false,east=false,north=false,south=true,disarmed=false,west=true,powered=false":{"model":"customcrops:pepper/stage_2"},"attached=false,east=false,north=false,south=true,disarmed=false,west=true,powered=true":{"model":"customcrops:pepper/stage_3"},"attached=false,east=false,north=false,south=true,disarmed=true,west=false,powered=false":{"model":"customcrops:pepper/stage_4"},"attached=false,east=false,north=false,south=true,disarmed=true,west=false,powered=true":{"model":"customcrops:pepper/stage_5"},"attached=false,east=false,north=false,south=true,disarmed=true,west=true,powered=false":{"model":"customcrops:base/dead_crop"},"attached=false,east=false,north=false,south=true,disarmed=true,west=true,powered=true":{"model":"customcrops:grape/stage_1"},"attached=false,east=false,north=true,south=false,disarmed=false,west=false,powered=false":{"model":"customcrops:grape/stage_2"},"attached=false,east=false,north=true,south=false,disarmed=false,west=false,powered=true":{"model":"customcrops:grape/stage_3"},"attached=false,east=false,north=true,south=false,disarmed=false,west=true,powered=false":{"model":"customcrops:grape/stage_4"},"attached=false,east=false,north=true,south=false,disarmed=false,west=true,powered=true":{"model":"customcrops:grape/stage_5"},"attached=false,east=false,north=true,south=false,disarmed=true,west=false,powered=false":{"model":"customcrops:grape/stage_6"},"attached=false,east=false,north=true,south=false,disarmed=true,west=false,powered=true":{"model":"customcrops:redpacket/stage_1"},"attached=false,east=false,north=true,south=false,disarmed=true,west=true,powered=false":{"model":"customcrops:redpacket/stage_2"},"attached=false,east=false,north=true,south=false,disarmed=true,west=true,powered=true":{"model":"customcrops:redpacket/stage_3"},"attached=false,east=false,north=true,south=true,disarmed=false,west=false,powered=false":{"model":"customcrops:redpacket/stage_4"},"attached=false,east=false,north=true,south=true,disarmed=false,west=false,powered=true":{"model":"customcrops:redpacket/stage_5"},"attached=false,east=false,north=true,south=true,disarmed=false,west=true,powered=false":{"model":"customcrops:redpacket/stage_6"},"attached=false,east=false,north=true,south=true,disarmed=false,west=true,powered=true":{"model":"customcrops:tomato/stage_1"},"attached=false,east=false,north=true,south=true,disarmed=true,west=false,powered=false":{"model":"customcrops:tomato/stage_2"},"attached=false,east=false,north=true,south=true,disarmed=true,west=false,powered=true":{"model":"customcrops:tomato/stage_3"},"attached=false,east=false,north=true,south=true,disarmed=true,west=true,powered=false":{"model":"customcrops:tomato/stage_4"},"attached=false,east=false,north=true,south=true,disarmed=true,west=true,powered=true":{"model":"customcrops:cabbage/stage_1"},"attached=false,east=true,north=false,south=false,disarmed=false,west=false,powered=false":{"model":"customcrops:cabbage/stage_2"},"attached=false,east=true,north=false,south=false,disarmed=false,west=false,powered=true":{"model":"customcrops:cabbage/stage_3"},"attached=false,east=true,north=false,south=false,disarmed=false,west=true,powered=false":{"model":"customcrops:cabbage/stage_4"},"attached=false,east=false,north=false,south=false,disarmed=false,west=false,powered=false":{"model":"minecraft:block/tripwire_attached_n"},"attached=false,east=true,north=false,south=false,disarmed=false,west=true,powered=true":{"model":"minecraft:block/tripwire_attached_n"},"attached=false,east=true,north=false,south=false,disarmed=true,west=false,powered=false":{"model":"minecraft:block/tripwire_attached_n"},"attached=false,east=true,north=false,south=false,disarmed=true,west=false,powered=true":{"model":"minecraft:block/tripwire_attached_n"},"attached=false,east=true,north=false,south=false,disarmed=true,west=true,powered=false":{"model":"minecraft:block/tripwire_attached_n"},"attached=false,east=true,north=false,south=false,disarmed=true,west=true,powered=true":{"model":"minecraft:block/tripwire_attached_n"},"attached=false,east=true,north=false,south=true,disarmed=false,west=false,powered=false":{"model":"minecraft:block/tripwire_attached_n"},"attached=false,east=true,north=false,south=true,disarmed=false,west=false,powered=true":{"model":"minecraft:block/tripwire_attached_n"},"attached=false,east=true,north=false,south=true,disarmed=false,west=true,powered=false":{"model":"minecraft:block/tripwire_attached_n"},"attached=false,east=true,north=false,south=true,disarmed=false,west=true,powered=true":{"model":"minecraft:block/tripwire_attached_n"},"attached=false,east=true,north=false,south=true,disarmed=true,west=false,powered=false":{"model":"minecraft:block/tripwire_attached_n"},"attached=false,east=true,north=false,south=true,disarmed=true,west=false,powered=true":{"model":"minecraft:block/tripwire_attached_n"},"attached=false,east=true,north=false,south=true,disarmed=true,west=true,powered=false":{"model":"minecraft:block/tripwire_attached_n"},"attached=false,east=true,north=false,south=true,disarmed=true,west=true,powered=true":{"model":"minecraft:block/tripwire_attached_n"},"attached=false,east=true,north=true,south=false,disarmed=false,west=false,powered=false":{"model":"minecraft:block/tripwire_attached_n"},"attached=false,east=true,north=true,south=false,disarmed=false,west=false,powered=true":{"model":"minecraft:block/tripwire_attached_n"},"attached=false,east=true,north=true,south=false,disarmed=false,west=true,powered=false":{"model":"minecraft:block/tripwire_attached_n"},"attached=false,east=true,north=true,south=false,disarmed=false,west=true,powered=true":{"model":"minecraft:block/tripwire_attached_n"},"attached=false,east=true,north=true,south=false,disarmed=true,west=false,powered=false":{"model":"minecraft:block/tripwire_attached_n"},"attached=false,east=true,north=true,south=false,disarmed=true,west=false,powered=true":{"model":"minecraft:block/tripwire_attached_n"},"attached=false,east=true,north=true,south=false,disarmed=true,west=true,powered=false":{"model":"minecraft:block/tripwire_attached_n"},"attached=false,east=true,north=true,south=false,disarmed=true,west=true,powered=true":{"model":"minecraft:block/tripwire_attached_n"},"attached=false,east=true,north=true,south=true,disarmed=false,west=false,powered=false":{"model":"minecraft:block/tripwire_attached_n"},"attached=false,east=true,north=true,south=true,disarmed=false,west=false,powered=true":{"model":"minecraft:block/tripwire_attached_n"},"attached=false,east=true,north=true,south=true,disarmed=false,west=true,powered=false":{"model":"minecraft:block/tripwire_attached_n"},"attached=false,east=true,north=true,south=true,disarmed=false,west=true,powered=true":{"model":"minecraft:block/tripwire_attached_n"},"attached=false,east=true,north=true,south=true,disarmed=true,west=false,powered=false":{"model":"minecraft:block/tripwire_attached_n"},"attached=false,east=true,north=true,south=true,disarmed=true,west=false,powered=true":{"model":"minecraft:block/tripwire_attached_n"},"attached=false,east=true,north=true,south=true,disarmed=true,west=true,powered=false":{"model":"minecraft:block/tripwire_attached_n"},"attached=false,east=true,north=true,south=true,disarmed=true,west=true,powered=true":{"model":"minecraft:block/tripwire_attached_n"},"attached=true,east=false,north=false,south=false,disarmed=false,west=false,powered=false":{"model":"minecraft:block/tripwire_attached_n"},"attached=true,east=false,north=false,south=false,disarmed=false,west=false,powered=true":{"model":"minecraft:block/tripwire_attached_n"},"attached=true,east=false,north=false,south=false,disarmed=false,west=true,powered=false":{"model":"minecraft:block/tripwire_attached_n"},"attached=true,east=false,north=false,south=false,disarmed=false,west=true,powered=true":{"model":"minecraft:block/tripwire_attached_n"},"attached=true,east=false,north=false,south=false,disarmed=true,west=false,powered=false":{"model":"minecraft:block/tripwire_attached_n"},"attached=true,east=false,north=false,south=false,disarmed=true,west=false,powered=true":{"model":"minecraft:block/tripwire_attached_n"},"attached=true,east=false,north=false,south=false,disarmed=true,west=true,powered=false":{"model":"minecraft:block/tripwire_attached_n"},"attached=true,east=false,north=false,south=false,disarmed=true,west=true,powered=true":{"model":"minecraft:block/tripwire_attached_n"},"attached=true,east=false,north=false,south=true,disarmed=false,west=false,powered=false":{"model":"minecraft:block/tripwire_attached_n"},"attached=true,east=false,north=false,south=true,disarmed=false,west=false,powered=true":{"model":"minecraft:block/tripwire_attached_n"},"attached=true,east=false,north=false,south=true,disarmed=false,west=true,powered=false":{"model":"minecraft:block/tripwire_attached_n"},"attached=true,east=false,north=false,south=true,disarmed=false,west=true,powered=true":{"model":"minecraft:block/tripwire_attached_n"},"attached=true,east=false,north=false,south=true,disarmed=true,west=false,powered=false":{"model":"minecraft:block/tripwire_attached_n"},"attached=true,east=false,north=false,south=true,disarmed=true,west=false,powered=true":{"model":"minecraft:block/tripwire_attached_n"},"attached=true,east=false,north=false,south=true,disarmed=true,west=true,powered=false":{"model":"minecraft:block/tripwire_attached_n"},"attached=true,east=false,north=false,south=true,disarmed=true,west=true,powered=true":{"model":"minecraft:block/tripwire_attached_n"},"attached=true,east=false,north=true,south=false,disarmed=false,west=false,powered=false":{"model":"minecraft:block/tripwire_attached_n"},"attached=true,east=false,north=true,south=false,disarmed=false,west=false,powered=true":{"model":"minecraft:block/tripwire_attached_n"},"attached=true,east=false,north=true,south=false,disarmed=false,west=true,powered=false":{"model":"minecraft:block/tripwire_attached_n"},"attached=true,east=false,north=true,south=false,disarmed=false,west=true,powered=true":{"model":"minecraft:block/tripwire_attached_n"},"attached=true,east=false,north=true,south=false,disarmed=true,west=false,powered=false":{"model":"minecraft:block/tripwire_attached_n"},"attached=true,east=false,north=true,south=false,disarmed=true,west=false,powered=true":{"model":"minecraft:block/tripwire_attached_n"},"attached=true,east=false,north=true,south=false,disarmed=true,west=true,powered=false":{"model":"minecraft:block/tripwire_attached_n"},"attached=true,east=false,north=true,south=false,disarmed=true,west=true,powered=true":{"model":"minecraft:block/tripwire_attached_n"},"attached=true,east=false,north=true,south=true,disarmed=false,west=false,powered=false":{"model":"minecraft:block/tripwire_attached_n"},"attached=true,east=false,north=true,south=true,disarmed=false,west=false,powered=true":{"model":"minecraft:block/tripwire_attached_n"},"attached=true,east=false,north=true,south=true,disarmed=false,west=true,powered=false":{"model":"minecraft:block/tripwire_attached_n"},"attached=true,east=false,north=true,south=true,disarmed=false,west=true,powered=true":{"model":"minecraft:block/tripwire_attached_n"},"attached=true,east=false,north=true,south=true,disarmed=true,west=false,powered=false":{"model":"minecraft:block/tripwire_attached_n"},"attached=true,east=false,north=true,south=true,disarmed=true,west=false,powered=true":{"model":"minecraft:block/tripwire_attached_n"},"attached=true,east=false,north=true,south=true,disarmed=true,west=true,powered=false":{"model":"minecraft:block/tripwire_attached_n"},"attached=true,east=false,north=true,south=true,disarmed=true,west=true,powered=true":{"model":"minecraft:block/tripwire_attached_n"},"attached=true,east=true,north=false,south=false,disarmed=false,west=false,powered=false":{"model":"minecraft:block/tripwire_attached_n"},"attached=true,east=true,north=false,south=false,disarmed=false,west=false,powered=true":{"model":"minecraft:block/tripwire_attached_n"},"attached=true,east=true,north=false,south=false,disarmed=false,west=true,powered=false":{"model":"minecraft:block/tripwire_attached_n"},"attached=true,east=true,north=false,south=false,disarmed=false,west=true,powered=true":{"model":"minecraft:block/tripwire_attached_n"},"attached=true,east=true,north=false,south=false,disarmed=true,west=false,powered=false":{"model":"minecraft:block/tripwire_attached_n"},"attached=true,east=true,north=false,south=false,disarmed=true,west=false,powered=true":{"model":"minecraft:block/tripwire_attached_n"},"attached=true,east=true,north=false,south=false,disarmed=true,west=true,powered=false":{"model":"minecraft:block/tripwire_attached_n"},"attached=true,east=true,north=false,south=false,disarmed=true,west=true,powered=true":{"model":"minecraft:block/tripwire_attached_n"},"attached=true,east=true,north=false,south=true,disarmed=false,west=false,powered=false":{"model":"minecraft:block/tripwire_attached_n"},"attached=true,east=true,north=false,south=true,disarmed=false,west=false,powered=true":{"model":"minecraft:block/tripwire_attached_n"},"attached=true,east=true,north=false,south=true,disarmed=false,west=true,powered=false":{"model":"minecraft:block/tripwire_attached_n"},"attached=true,east=true,north=false,south=true,disarmed=false,west=true,powered=true":{"model":"minecraft:block/tripwire_attached_n"},"attached=true,east=true,north=false,south=true,disarmed=true,west=false,powered=false":{"model":"minecraft:block/tripwire_attached_n"},"attached=true,east=true,north=false,south=true,disarmed=true,west=false,powered=true":{"model":"minecraft:block/tripwire_attached_n"},"attached=true,east=true,north=false,south=true,disarmed=true,west=true,powered=false":{"model":"minecraft:block/tripwire_attached_n"},"attached=true,east=true,north=false,south=true,disarmed=true,west=true,powered=true":{"model":"minecraft:block/tripwire_attached_n"},"attached=true,east=true,north=true,south=false,disarmed=false,west=false,powered=false":{"model":"minecraft:block/tripwire_attached_n"},"attached=true,east=true,north=true,south=false,disarmed=false,west=false,powered=true":{"model":"minecraft:block/tripwire_attached_n"},"attached=true,east=true,north=true,south=false,disarmed=false,west=true,powered=false":{"model":"minecraft:block/tripwire_attached_n"},"attached=true,east=true,north=true,south=false,disarmed=false,west=true,powered=true":{"model":"minecraft:block/tripwire_attached_n"},"attached=true,east=true,north=true,south=false,disarmed=true,west=false,powered=false":{"model":"minecraft:block/tripwire_attached_n"},"attached=true,east=true,north=true,south=false,disarmed=true,west=false,powered=true":{"model":"minecraft:block/tripwire_attached_n"},"attached=true,east=true,north=true,south=false,disarmed=true,west=true,powered=false":{"model":"minecraft:block/tripwire_attached_n"},"attached=true,east=true,north=true,south=false,disarmed=true,west=true,powered=true":{"model":"minecraft:block/tripwire_attached_n"},"attached=true,east=true,north=true,south=true,disarmed=false,west=false,powered=false":{"model":"minecraft:block/tripwire_attached_n"},"attached=true,east=true,north=true,south=true,disarmed=false,west=false,powered=true":{"model":"minecraft:block/tripwire_attached_n"},"attached=true,east=true,north=true,south=true,disarmed=false,west=true,powered=false":{"model":"minecraft:block/tripwire_attached_n"},"attached=true,east=true,north=true,south=true,disarmed=false,west=true,powered=true":{"model":"minecraft:block/tripwire_attached_n"},"attached=true,east=true,north=true,south=true,disarmed=true,west=false,powered=false":{"model":"minecraft:block/tripwire_attached_n"},"attached=true,east=true,north=true,south=true,disarmed=true,west=false,powered=true":{"model":"minecraft:block/tripwire_attached_n"},"attached=true,east=true,north=true,south=true,disarmed=true,west=true,powered=false":{"model":"minecraft:block/tripwire_attached_n"},"attached=true,east=true,north=true,south=true,disarmed=true,west=true,powered=true":{"model":"minecraft:block/tripwire_attached_n"}}}